{
  "pangyo": {
    "name": "판교테크노밸리",
    "area_km2": 0.9621,
    "bld_count": 83,
    "total_fa_m2": 2619692.0,
    "source": "국가공간정보포털 PROM 다운로드 (2026년 6월 기준), 구역계 직접 설정",
    "definition": "경기도 성남시 분당구 판교테크노밸리 제1단지 사업지구 경계 (PROM 구역계 직접 설정)",
    "bounds": [127.09709510774479, 37.39989971565941, 127.11284065970858, 37.40743665068185],
    "core_station": "판교역(신분당선)",
    "core_station_node": 824,
    "use_ratio": {
      "업무시설": 66.2,
      "교육연구시설": 29.9,
      "기타": 4.0
    },
    "lu_ratio": {
      "준주거지역": 74.8,
      "자연녹지지역": 15.0,
      "보전녹지지역": 10.2
    }
  },
  "cheongna": {
    "name": "청라국제업무지구",
    "area_km2": 0.9058,
    "bld_count": 14,
    "total_fa_m2": 315593.0,
    "source": "국가공간정보포털 PROM 다운로드 (2026년 6월 기준), 구역계 직접 설정",
    "definition": "인천광역시 서구 청라국제업무지구(IBC) 경계 (PROM 구역계 직접 설정)",
    "bounds": [126.61856953214169, 37.52808044641134, 126.63171942767147, 37.53771514564544],
    "core_station": "청라국제도시역(공항철도)",
    "core_station_node": 313,
    "use_ratio": {
      "업무시설": 65.3,
      "근린생활시설": 22.4,
      "기타": 12.3
    },
    "lu_ratio": {
      "중심상업지역": 84.3,
      "보전녹지지역": 15.7
    }
  }
}
